{
	"ImportPath": "github.com/CodisLabs/codis",
	"GoVersion": "go1.8",
	"GodepVersion": "v79",
	"Packages": [
		"./..."
	],
	"Deps": [
		{
			"ImportPath": "github.com/BurntSushi/toml",
			"Comment": "v0.2.0-21-g9906417",
			"Rev": "99064174e013895bbd9b025c31100bd1d9b590ca"
		},
		{
			"ImportPath": "github.com/codegangsta/inject",
			"Comment": "v1.0-rc1-10-g33e0aa1",
			"Rev": "33e0aa1cb7c019ccc3fbe049a8262a6403d30504"
		},
		{
			"ImportPath": "github.com/coreos/etcd/client",
			"Comment": "v3.0.17",
			"Rev": "cc198e22d3b8fd7ec98304c95e68ee375be54589"
		},
		{
			"ImportPath": "github.com/coreos/etcd/pkg/pathutil",
			"Comment": "v3.0.17",
			"Rev": "cc198e22d3b8fd7ec98304c95e68ee375be54589"
		},
		{
			"ImportPath": "github.com/coreos/etcd/pkg/types",
			"Comment": "v3.0.17",
			"Rev": "cc198e22d3b8fd7ec98304c95e68ee375be54589"
		},
		{
			"ImportPath": "github.com/docopt/docopt-go",
			"Comment": "0.6.2",
			"Rev": "784ddc588536785e7299f7272f39101f7faccc3f"
		},
		{
			"ImportPath": "github.com/emirpasic/gods/containers",
			"Comment": "v1.9.0",
			"Rev": "f6c17b524822278a87e3b3bd809fec33b51f5b46"
		},
		{
			"ImportPath": "github.com/emirpasic/gods/trees",
			"Comment": "v1.9.0",
			"Rev": "f6c17b524822278a87e3b3bd809fec33b51f5b46"
		},
		{
			"ImportPath": "github.com/emirpasic/gods/trees/redblacktree",
			"Comment": "v1.9.0",
			"Rev": "f6c17b524822278a87e3b3bd809fec33b51f5b46"
		},
		{
			"ImportPath": "github.com/emirpasic/gods/utils",
			"Comment": "v1.9.0",
			"Rev": "f6c17b524822278a87e3b3bd809fec33b51f5b46"
		},
		{
			"ImportPath": "github.com/garyburd/redigo/internal",
			"Comment": "v1.0.0-20-g4854517",
			"Rev": "48545177e92ae3e7bcdbd50b42f7a139e6a268da"
		},
		{
			"ImportPath": "github.com/garyburd/redigo/redis",
			"Comment": "v1.0.0-20-g4854517",
			"Rev": "48545177e92ae3e7bcdbd50b42f7a139e6a268da"
		},
		{
			"ImportPath": "github.com/go-martini/martini",
			"Comment": "v1.0-186-gfe605b5",
			"Rev": "fe605b5cd210047ae3bb73d2b69a5b912a9b423d"
		},
		{
			"ImportPath": "github.com/influxdata/influxdb/client/v2",
			"Comment": "v1.1.0-223-g8c2cfd14a",
			"Rev": "8c2cfd14af2511580277ddfd7a834b6aaa5f19ab"
		},
		{
			"ImportPath": "github.com/influxdata/influxdb/models",
			"Comment": "v1.1.0-223-g8c2cfd14a",
			"Rev": "8c2cfd14af2511580277ddfd7a834b6aaa5f19ab"
		},
		{
			"ImportPath": "github.com/influxdata/influxdb/pkg/escape",
			"Comment": "v1.1.0-223-g8c2cfd14a",
			"Rev": "8c2cfd14af2511580277ddfd7a834b6aaa5f19ab"
		},
		{
			"ImportPath": "github.com/martini-contrib/binding",
			"Rev": "05d3e151b6cf34dacac6306226a33db68459a3b5"
		},
		{
			"ImportPath": "github.com/martini-contrib/gzip",
			"Rev": "6c035326b43f79aa18793d2f1db512d21253ea61"
		},
		{
			"ImportPath": "github.com/martini-contrib/render",
			"Rev": "ec18f8345a1181146728238980606fb1d6f40e8c"
		},
		{
			"ImportPath": "github.com/oxtoacart/bpool",
			"Rev": "4e1c5567d7c2dd59fa4c7c83d34c2f3528b025d6"
		},
		{
			"ImportPath": "github.com/samuel/go-zookeeper/zk",
			"Rev": "1d7be4effb13d2d908342d349d71a284a7542693"
		},
		{
			"ImportPath": "github.com/spinlock/jemalloc-go",
			"Rev": "26719b2ee6186ef794cd50b604f8d765d3be5a30"
		},
		{
			"ImportPath": "github.com/ugorji/go/codec",
			"Rev": "ded73eae5db7e7a0ef6f55aace87a2873c5d2b74"
		},
		{
			"ImportPath": "golang.org/x/net/context",
			"Rev": "242b6b35177ec3909636b6cf6a47e8c2c6324b5d"
		},
		{
			"ImportPath": "gopkg.in/alexcesaro/statsd.v2",
			"Comment": "v2.0.0",
			"Rev": "7fea3f0d2fab1ad973e641e51dba45443a311a90"
		}
	]
}
